City_ID,City,Lat,Lng,Max Temp,Humidity,Cloudiness,Wind Speed,Country,Date,Current Description
0,Severo-Kurilsk,50.6789,156.125,27.82,77,80,13.76,RU,2022-01-31 06:34:53,light snow
1,Erice,38.037,12.5865,48.67,82,75,16.11,IT,2022-01-31 06:34:53,broken clouds
2,Lompoc,34.6391,-120.4579,55.13,88,69,13.0,US,2022-01-31 06:34:54,broken clouds
3,Tuktoyaktuk,69.4541,-133.0374,-0.4,78,100,23.02,CA,2022-01-31 06:34:54,light snow
4,Bosaso,11.2842,49.1816,76.98,78,20,5.75,SO,2022-01-31 06:34:54,few clouds
5,Upernavik,72.7868,-56.1549,-13.94,89,100,6.38,GL,2022-01-31 06:34:55,overcast clouds
6,Salalah,17.0151,54.0924,75.29,60,0,2.3,OM,2022-01-31 06:34:55,clear sky
7,Chokurdakh,70.6333,147.9167,-20.09,95,100,3.18,RU,2022-01-31 06:34:56,overcast clouds
8,Punta Arenas,-53.15,-70.9167,48.31,71,40,14.97,CL,2022-01-31 06:32:25,scattered clouds
9,Tarko-Sale,64.9225,77.785,6.33,91,100,8.75,RU,2022-01-31 06:34:56,overcast clouds
10,Esperance,-33.8667,121.9,64.24,76,100,23.89,AU,2022-01-31 06:34:57,overcast clouds
11,Yellowknife,62.456,-114.3525,-12.59,86,75,9.22,CA,2022-01-31 06:34:57,light snow
12,Hithadhoo,-0.6,73.0833,82.6,70,5,10.2,MV,2022-01-31 06:34:57,clear sky
13,Kharp,66.8014,65.8081,-2.78,100,100,0.07,RU,2022-01-31 06:34:58,overcast clouds
14,Sur,22.5667,59.5289,77.76,48,0,3.94,OM,2022-01-31 06:34:58,clear sky
15,Rikitea,-23.1203,-134.9692,77.32,62,100,4.92,PF,2022-01-31 06:34:58,overcast clouds
16,Casa Nova,-9.4167,-41.1333,73.38,69,56,12.84,BR,2022-01-31 06:34:59,broken clouds
17,Khatanga,71.9667,102.5,-6.41,98,97,6.62,RU,2022-01-31 06:34:59,overcast clouds
18,Sinnamary,5.3833,-52.95,75.15,89,89,9.22,GF,2022-01-31 06:35:00,overcast clouds
19,Albany,42.6001,-73.9662,8.55,66,6,2.44,US,2022-01-31 06:30:02,clear sky
20,Sao Jose Da Coroa Grande,-8.8978,-35.1478,77.49,83,11,5.64,BR,2022-01-31 06:35:00,few clouds
21,Saskylakh,71.9167,114.0833,-25.42,100,99,2.84,RU,2022-01-31 06:35:00,overcast clouds
22,Castro,-24.7911,-50.0119,62.55,99,100,3.42,BR,2022-01-31 06:35:01,overcast clouds
23,Ponta Do Sol,32.6667,-17.1,65.03,79,1,10.09,PT,2022-01-31 06:35:01,clear sky
24,Kutum,14.2,24.6667,56.14,18,5,17.38,SD,2022-01-31 06:35:01,clear sky
25,Atuona,-9.8,-139.0333,78.22,75,8,15.68,PF,2022-01-31 06:35:02,clear sky
26,Tasiilaq,65.6145,-37.6368,5.13,63,100,4.92,GL,2022-01-31 06:35:02,overcast clouds
27,Brae,60.3964,-1.353,39.11,57,100,31.12,GB,2022-01-31 06:35:03,overcast clouds
28,Lorengau,-2.0226,147.2712,81.37,80,100,15.39,PG,2022-01-31 06:35:03,overcast clouds
29,Ushuaia,-54.8,-68.3,42.46,75,100,8.05,AR,2022-01-31 06:35:03,light intensity drizzle
30,Saldanha,-33.0117,17.9442,77.05,58,36,1.77,ZA,2022-01-31 06:35:04,scattered clouds
31,Arcachon,44.5875,-1.0519,45.41,100,100,3.44,FR,2022-01-31 06:35:04,overcast clouds
32,Hovd,48.0056,91.6419,-5.31,84,8,3.58,MN,2022-01-31 06:35:04,clear sky
33,Mpanda,-6.3655,31.0409,69.28,91,100,1.95,TZ,2022-01-31 06:35:05,moderate rain
34,Mlada Vozice,49.5331,14.8086,34.14,85,100,8.28,CZ,2022-01-31 06:35:05,overcast clouds
35,Barrow,71.2906,-156.7887,-5.78,77,100,13.8,US,2022-01-31 06:35:05,haze
36,Hermanus,-34.4187,19.2345,79.9,71,59,13.27,ZA,2022-01-31 06:35:06,broken clouds
37,Kalmunai,7.4167,81.8167,82.26,70,74,14.43,LK,2022-01-31 06:35:06,broken clouds
38,Livny,52.4253,37.6069,28.4,96,100,14.92,RU,2022-01-31 06:35:07,snow
39,Marquette,46.5333,-87.6335,10.76,88,41,3.85,US,2022-01-31 06:35:07,scattered clouds
40,Vila Velha,-20.3297,-40.2925,78.75,93,20,6.91,BR,2022-01-31 06:35:07,light rain
41,Saint-Philippe,-21.3585,55.7679,85.55,82,100,13.76,RE,2022-01-31 06:35:08,overcast clouds
42,Bethel,41.3712,-73.414,20.05,70,0,0.0,US,2022-01-31 06:35:08,clear sky
43,Teguise,29.0605,-13.564,55.62,58,0,3.44,ES,2022-01-31 06:35:08,clear sky
44,Busselton,-33.65,115.3333,79.09,30,24,18.97,AU,2022-01-31 06:36:09,few clouds
45,Yendi,9.4427,-0.0099,69.84,13,100,6.71,GH,2022-01-31 06:36:09,overcast clouds
46,Hamilton,39.1834,-84.5333,28.09,80,0,0.0,US,2022-01-31 06:34:05,clear sky
47,Salihli,38.4826,28.1477,39.49,82,66,4.56,TR,2022-01-31 06:36:10,broken clouds
48,Vaini,-21.2,-175.2,81.32,70,100,14.99,TO,2022-01-31 06:36:10,overcast clouds
49,Cape Town,-33.9258,18.4232,80.11,68,0,1.99,ZA,2022-01-31 06:35:30,clear sky
50,Cayenne,4.9333,-52.3333,79.09,89,20,3.0,GF,2022-01-31 06:34:57,few clouds
51,Port Alfred,-33.5906,26.891,78.22,75,100,12.66,ZA,2022-01-31 06:36:11,overcast clouds
52,Nikolskoye,59.7035,30.7861,26.49,97,100,4.5,RU,2022-01-31 06:36:11,snow
53,Codrington,-38.2667,141.9667,71.53,75,0,10.67,AU,2022-01-31 06:36:12,clear sky
54,Kapaa,22.0752,-159.319,71.58,70,20,6.91,US,2022-01-31 06:36:12,few clouds
55,Chara,56.9064,118.2631,-11.85,98,35,1.14,RU,2022-01-31 06:36:12,scattered clouds
56,Wilmslow,53.328,-2.2315,42.75,74,40,20.71,GB,2022-01-31 06:36:13,scattered clouds
57,Berlevag,70.8578,29.0864,28.35,86,95,14.97,NO,2022-01-31 06:36:13,overcast clouds
58,Torbay,47.6666,-52.7314,35.58,84,99,4.0,CA,2022-01-31 06:36:13,overcast clouds
59,Ribeira Grande,38.5167,-28.7,59.25,74,4,23.73,PT,2022-01-31 06:36:14,clear sky
60,Ewa Beach,21.3156,-158.0072,74.08,69,40,8.01,US,2022-01-31 06:36:14,scattered clouds
61,Airai,-8.9266,125.4092,67.28,75,100,7.14,TL,2022-01-31 06:36:15,overcast clouds
62,Adrar,20.5022,-10.0711,70.65,15,100,15.93,MR,2022-01-31 06:36:15,overcast clouds
63,Hofn,64.2539,-15.2082,22.5,55,100,13.24,IS,2022-01-31 06:36:15,overcast clouds
64,Winchester,51.0651,-1.3187,45.43,68,0,5.99,GB,2022-01-31 06:33:07,clear sky
65,Nanortalik,60.1432,-45.2371,24.15,72,56,19.73,GL,2022-01-31 06:36:16,broken clouds
66,Dezful,32.3811,48.4058,59.14,22,100,4.03,IR,2022-01-31 06:36:16,overcast clouds
67,Tuatapere,-46.1333,167.6833,67.82,85,100,3.22,NZ,2022-01-31 06:36:17,overcast clouds
68,Bayonet Point,28.3267,-82.6834,51.94,62,0,6.26,US,2022-01-31 06:36:17,clear sky
69,Bukama,-9.2,25.85,69.82,97,100,1.1,CD,2022-01-31 06:36:17,overcast clouds
70,Zheleznodorozhnyy,55.7503,38.0042,27.12,96,97,7.34,RU,2022-01-31 06:35:42,light snow
71,Piacabucu,-10.4056,-36.4344,77.31,85,34,7.7,BR,2022-01-31 06:36:18,scattered clouds
72,Saint George,37.1041,-113.5841,50.34,32,0,8.05,US,2022-01-31 06:36:12,clear sky
73,Damnoen Saduak,13.5182,99.9547,95.02,40,18,10.96,TH,2022-01-31 06:36:18,light rain
74,Umm Kaddadah,13.6017,26.6876,61.95,19,6,21.05,SD,2022-01-31 06:36:19,clear sky
75,Port Hedland,-20.3167,118.5667,93.25,59,100,20.71,AU,2022-01-31 06:36:19,overcast clouds
76,Westerland,54.9079,8.3033,35.94,93,100,13.8,DE,2022-01-31 06:36:19,overcast clouds
77,Castlemaine,-37.0667,144.2167,93.27,20,0,10.33,AU,2022-01-31 06:36:20,clear sky
78,Maceio,-9.6658,-35.7353,76.44,94,40,2.3,BR,2022-01-31 06:36:20,scattered clouds
79,Kodiak,57.79,-152.4072,20.71,79,0,4.61,US,2022-01-31 06:36:20,clear sky
80,La Ronge,55.1001,-105.2842,8.85,92,100,4.61,CA,2022-01-31 06:36:21,overcast clouds
81,Faanui,-16.4833,-151.75,80.98,72,6,10.29,PF,2022-01-31 06:36:21,clear sky
82,Cidreira,-30.1811,-50.2056,70.81,78,1,14.14,BR,2022-01-31 06:36:21,clear sky
83,Goundam,16.4145,-3.6708,66.18,18,4,9.51,ML,2022-01-31 06:36:22,clear sky
84,Arraial Do Cabo,-22.9661,-42.0278,74.3,95,100,5.86,BR,2022-01-31 06:36:22,overcast clouds
85,Saint-Joseph,-21.3667,55.6167,84.56,77,92,15.26,RE,2022-01-31 06:36:22,overcast clouds
86,Vostok,46.4856,135.8833,1.26,91,100,3.49,RU,2022-01-31 06:36:23,overcast clouds
87,Lebu,-37.6167,-73.65,54.7,78,0,18.92,CL,2022-01-31 06:37:23,clear sky
88,General Pico,-35.6566,-63.7568,56.8,71,69,11.72,AR,2022-01-31 06:37:24,broken clouds
89,Bayir,37.2687,28.2167,43.32,88,34,4.88,TR,2022-01-31 06:37:24,scattered clouds
90,Carnarvon,-24.8667,113.6333,89.67,58,1,20.71,AU,2022-01-31 06:37:25,clear sky
91,Mastic Beach,40.7668,-72.8521,23.02,74,20,1.99,US,2022-01-31 06:37:25,few clouds
92,Darhan,49.4867,105.9228,1.33,86,50,2.91,MN,2022-01-31 06:37:25,scattered clouds
93,Redlands,34.0556,-117.1825,55.65,53,0,4.61,US,2022-01-31 06:37:26,clear sky
94,Victoria,22.2855,114.1577,60.24,74,100,1.01,HK,2022-01-31 06:35:02,overcast clouds
95,Ahar,38.4774,47.0699,23.02,87,58,9.06,IR,2022-01-31 06:37:26,broken clouds
96,Siderno,38.2779,16.302,54.18,81,4,4.29,IT,2022-01-31 06:37:26,clear sky
97,Broken Hill,-31.95,141.4333,73.11,88,100,14.97,AU,2022-01-31 06:37:27,thunderstorm
98,Montefiascone,42.5393,12.0362,42.48,92,75,6.91,IT,2022-01-31 06:37:27,broken clouds
99,Butaritari,3.0707,172.7902,82.09,77,100,19.17,KI,2022-01-31 06:37:27,overcast clouds
100,Ilulissat,69.2167,-51.1,-4.92,56,100,18.97,GL,2022-01-31 06:37:28,overcast clouds
101,Vega De Alatorre,20.0333,-96.6333,66.49,88,16,12.1,MX,2022-01-31 06:37:28,few clouds
102,Puerto Ayora,-0.7393,-90.3518,72.7,85,100,4.16,EC,2022-01-31 06:37:28,overcast clouds
103,Bluff,-46.6,168.3333,67.8,88,100,5.26,NZ,2022-01-31 06:37:29,overcast clouds
104,Sioux Lookout,50.1001,-91.917,14.38,85,100,8.05,CA,2022-01-31 06:37:29,overcast clouds
105,Camana,-16.6228,-72.7111,69.49,81,96,5.82,PE,2022-01-31 06:37:29,overcast clouds
106,Plettenberg Bay,-34.0527,23.3716,77.34,68,7,3.51,ZA,2022-01-31 06:37:30,clear sky
107,Mataura,-46.1927,168.8643,67.48,69,100,2.64,NZ,2022-01-31 06:37:30,overcast clouds
108,Dire,12.2833,-10.9667,70.61,18,6,2.53,ML,2022-01-31 06:37:30,clear sky
109,Lagoa,39.05,-27.9833,58.41,72,7,25.99,PT,2022-01-31 06:37:31,clear sky
110,Mar Del Plata,-38.0023,-57.5575,59.88,73,75,5.99,AR,2022-01-31 06:37:31,broken clouds
111,Thunder Bay,48.4001,-89.3168,12.56,83,100,2.3,CA,2022-01-31 06:34:35,overcast clouds
112,Margate,51.3813,1.3862,44.31,69,82,11.99,GB,2022-01-31 06:37:32,broken clouds
113,Kudahuvadhoo,2.6708,72.8944,82.36,74,7,11.52,MV,2022-01-31 06:37:32,clear sky
114,Hobart,-42.8794,147.3294,83.26,62,20,1.01,AU,2022-01-31 06:37:32,few clouds
115,Awbari,26.5921,12.7805,44.87,52,0,2.08,LY,2022-01-31 06:37:32,clear sky
116,Sao Joao Da Barra,-21.6403,-41.0511,74.25,94,97,5.26,BR,2022-01-31 06:37:33,overcast clouds
117,Macamic,48.7502,-78.9996,-9.17,100,68,2.33,CA,2022-01-31 06:37:33,broken clouds
118,Port Elizabeth,-33.918,25.5701,78.1,88,20,5.75,ZA,2022-01-31 06:32:53,few clouds
119,Novikovo,51.1537,37.8879,30.31,95,100,17.49,RU,2022-01-31 06:37:34,light snow
120,Ndioum,16.5129,-14.6471,76.89,13,100,8.01,SN,2022-01-31 06:37:34,overcast clouds
121,Harper,4.375,-7.7169,76.86,87,14,3.83,LR,2022-01-31 06:37:34,few clouds
122,Kolokani,13.5728,-8.0339,66.06,15,3,10.58,ML,2022-01-31 06:37:35,clear sky
123,Kruisfontein,-34.0033,24.7314,75.88,54,77,5.7,ZA,2022-01-31 06:37:35,broken clouds
124,Clarksburg,39.2807,-80.3445,29.93,83,100,0.0,US,2022-01-31 06:37:35,overcast clouds
125,Kandrian,-6.2167,149.55,85.05,71,100,11.03,PG,2022-01-31 06:37:36,light rain
126,Charters Towers,-20.1,146.2667,88.9,47,45,17.83,AU,2022-01-31 06:37:36,scattered clouds
127,Maseru,-29.3167,27.4833,63.88,80,100,0.83,LS,2022-01-31 06:37:36,overcast clouds
128,Hami,42.8,93.45,29.7,29,100,6.8,CN,2022-01-31 06:37:37,overcast clouds
129,Rabat,33.9911,-6.8401,60.04,93,13,3.44,MA,2022-01-31 06:37:37,few clouds
130,Aranda De Duero,41.6704,-3.6892,34.32,77,0,5.12,ES,2022-01-31 06:37:37,clear sky
131,Vestmannaeyjar,63.4427,-20.2734,33.98,58,100,19.15,IS,2022-01-31 06:37:38,overcast clouds
132,Neiafu,-18.65,-173.9833,80.35,75,100,10.47,TO,2022-01-31 06:37:38,light rain
133,Seoul,37.5683,126.9778,40.6,39,0,8.05,KR,2022-01-31 06:35:05,clear sky
134,Marawi,7.9986,124.2928,75.65,84,100,6.08,PH,2022-01-31 06:38:39,moderate rain
135,Santa Maria Del Oro,25.9333,-105.3667,48.22,49,100,5.84,MX,2022-01-31 06:38:39,overcast clouds
136,Yining,29.0361,114.5636,44.73,72,100,1.61,CN,2022-01-31 06:38:39,overcast clouds
137,Naze,28.3667,129.4833,58.12,57,0,15.21,JP,2022-01-31 06:33:44,clear sky
138,Znamensk,48.5842,45.7338,33.46,85,100,16.73,RU,2022-01-31 06:38:40,light snow
139,Astoria,46.1879,-123.8313,42.85,89,100,8.01,US,2022-01-31 06:36:13,light rain
140,Yumen,40.2833,97.2,24.64,24,100,10.89,CN,2022-01-31 06:38:40,overcast clouds
141,Taoudenni,22.6783,-3.9836,63.91,15,91,13.42,ML,2022-01-31 06:38:40,overcast clouds
142,Xiamen,24.4798,118.0819,55.45,58,100,11.18,CN,2022-01-31 06:38:41,overcast clouds
143,Novyy Urengoy,66.0833,76.6333,-4.95,100,99,7.34,RU,2022-01-31 06:38:41,overcast clouds
144,Leningradskiy,69.3833,178.4167,-16.28,93,56,5.59,RU,2022-01-31 06:38:41,broken clouds
145,Imeni Poliny Osipenko,52.4201,136.4853,2.84,93,100,4.74,RU,2022-01-31 06:38:42,overcast clouds
146,Lensk,60.7253,114.9278,2.59,92,100,5.5,RU,2022-01-31 06:38:42,overcast clouds
147,Angoche,-16.2325,39.9086,82.63,69,10,4.65,MZ,2022-01-31 06:38:43,clear sky
148,Bac Lieu,9.285,105.7244,85.57,59,8,18.32,VN,2022-01-31 06:38:43,clear sky
149,Nuuk,64.1835,-51.7216,3.96,74,100,11.34,GL,2022-01-31 06:38:43,overcast clouds
150,Hastings,50.8552,0.5729,45.39,70,78,24.83,GB,2022-01-31 06:37:27,broken clouds
151,Vodnyy,63.5046,53.4095,2.55,96,70,3.44,RU,2022-01-31 06:38:44,broken clouds
152,Kulhudhuffushi,6.6221,73.07,81.66,77,30,10.6,MV,2022-01-31 06:38:44,scattered clouds
153,Great Falls,47.5002,-111.3008,46.42,42,0,16.11,US,2022-01-31 06:35:39,clear sky
154,Smithers,54.7804,-127.1743,25.12,93,100,2.3,CA,2022-01-31 06:35:09,overcast clouds
155,Westport,41.1415,-73.3579,23.14,69,0,1.01,US,2022-01-31 06:36:50,clear sky
156,Kaitangata,-46.2817,169.8464,62.4,82,100,3.2,NZ,2022-01-31 06:38:45,overcast clouds
157,Lahij,13.1667,44.5833,72.45,69,100,8.7,YE,2022-01-31 06:38:45,overcast clouds
158,Mahebourg,-20.4081,57.7,86.25,74,75,14.97,MU,2022-01-31 06:38:45,broken clouds
159,Sergeyevka,53.88,67.4158,20.97,94,98,12.35,KZ,2022-01-31 06:38:46,overcast clouds
160,Meulaboh,4.1363,96.1285,86.18,62,97,7.67,ID,2022-01-31 06:38:46,overcast clouds
161,Ashland,40.8167,-82.2665,17.74,90,100,1.77,US,2022-01-31 06:38:46,overcast clouds
162,Vredendal,-31.6683,18.5012,86.65,31,83,3.58,ZA,2022-01-31 06:38:47,broken clouds
163,Englewood,39.6478,-104.9878,40.14,46,0,6.91,US,2022-01-31 06:38:21,clear sky
164,Kargasok,59.0556,80.8572,13.73,94,97,7.38,RU,2022-01-31 06:38:47,overcast clouds
165,Sheltozero,61.3667,35.3667,17.62,93,100,10.16,RU,2022-01-31 06:38:47,overcast clouds
166,Puerto Escondido,15.85,-97.0667,75.29,80,6,4.27,MX,2022-01-31 06:38:17,clear sky
167,Bredasdorp,-34.5322,20.0403,75.27,83,100,9.22,ZA,2022-01-31 06:38:48,overcast clouds
168,Sasovo,54.3537,41.9199,27.99,96,100,12.08,RU,2022-01-31 06:38:48,snow
169,Aketi,2.7388,23.7833,78.98,29,100,3.02,CD,2022-01-31 06:38:49,overcast clouds
170,La Rioja,42.25,-2.5,33.12,92,35,4.56,ES,2022-01-31 06:36:58,scattered clouds
171,Baykit,61.67,96.37,4.84,93,100,1.23,RU,2022-01-31 06:38:49,overcast clouds
172,Konstantinovskoye,45.2992,42.6367,32.58,83,100,8.19,RU,2022-01-31 06:38:49,overcast clouds
173,Midleton,51.9153,-8.1805,45.07,86,100,17.05,IE,2022-01-31 06:38:50,overcast clouds
174,Soyo,-6.1349,12.3689,78.85,80,98,2.55,AO,2022-01-31 06:38:50,overcast clouds
175,Saurimo,-9.6608,20.3916,69.44,84,95,4.32,AO,2022-01-31 06:38:50,overcast clouds
176,Haines Junction,60.7522,-137.5108,-4.05,77,94,1.14,CA,2022-01-31 06:38:51,overcast clouds
177,Dehloran,32.6941,47.2679,58.28,23,100,3.22,IR,2022-01-31 06:38:02,overcast clouds
178,Muzhi,65.3667,64.6667,-10.3,100,99,2.59,RU,2022-01-31 06:38:51,overcast clouds
179,Dali,25.7,100.1833,51.82,45,97,6.76,CN,2022-01-31 06:38:52,overcast clouds
180,Havre-Saint-Pierre,50.2334,-63.5986,12.79,78,100,14.97,CA,2022-01-31 06:38:52,overcast clouds
181,Bryan,30.6744,-96.37,54.34,77,0,5.75,US,2022-01-31 06:38:52,clear sky
182,Monte Patria,-30.6919,-70.9467,65.93,73,0,1.68,CL,2022-01-31 06:38:53,clear sky
183,Olafsvik,64.8945,-23.7142,25.32,55,100,5.82,IS,2022-01-31 06:39:53,overcast clouds
184,De Aar,-30.6497,24.0123,69.22,64,100,12.82,ZA,2022-01-31 06:39:53,overcast clouds
185,Thinadhoo,0.5333,72.9333,82.78,69,5,10.22,MV,2022-01-31 06:39:54,clear sky
186,Nome,64.5011,-165.4064,-0.33,65,0,0.0,US,2022-01-31 06:39:54,clear sky
187,Havelock,34.8791,-76.9013,39.18,68,7,6.13,US,2022-01-31 06:39:54,clear sky
188,Jamestown,42.097,-79.2353,12.33,95,0,5.75,US,2022-01-31 06:37:57,clear sky
189,Touros,-5.1989,-35.4608,79.7,76,79,12.64,BR,2022-01-31 06:39:55,broken clouds
190,Uruzgan,32.8333,66.0,42.4,51,0,0.72,AF,2022-01-31 06:39:55,clear sky
191,Esmeralda,21.8525,-78.1169,65.44,69,3,7.07,CU,2022-01-31 06:39:55,clear sky
192,Moerai,-22.4333,-151.3333,79.02,78,46,13.04,PF,2022-01-31 06:39:56,light rain
193,Phonhong,18.5007,102.4166,84.02,39,58,5.17,LA,2022-01-31 06:39:56,broken clouds
194,New Norfolk,-42.7826,147.0587,82.9,39,27,1.99,AU,2022-01-31 06:39:56,scattered clouds
195,Peniche,39.3558,-9.3811,52.74,91,1,10.74,PT,2022-01-31 06:39:57,clear sky
196,Gat,31.61,34.7642,54.91,100,100,8.68,IL,2022-01-31 06:37:03,overcast clouds
197,Dikson,73.5069,80.5464,-2.96,93,100,22.32,RU,2022-01-31 06:39:57,overcast clouds
198,Belmonte,-15.8631,-38.8828,77.5,88,80,7.76,BR,2022-01-31 06:39:58,broken clouds
199,Nizwa,22.9333,57.5333,79.43,23,0,4.09,OM,2022-01-31 06:39:58,clear sky
200,Shenzhen,22.5455,114.0683,60.13,81,100,10.18,CN,2022-01-31 06:35:03,overcast clouds
201,Guerrero Negro,27.9769,-114.0611,59.09,71,87,9.15,MX,2022-01-31 06:39:58,overcast clouds
202,Lachi,33.3833,71.3386,55.94,28,0,3.44,PK,2022-01-31 06:39:59,clear sky
203,Ancud,-41.8697,-73.8203,44.42,84,0,4.14,CL,2022-01-31 06:39:59,clear sky
204,Longyearbyen,78.2186,15.6401,8.44,66,40,16.11,SJ,2022-01-31 06:39:59,light snow
205,Terenos,-20.4422,-54.8603,74.91,88,75,9.22,BR,2022-01-31 06:40:00,broken clouds
206,Port-Gentil,-0.7193,8.7815,78.76,89,20,5.75,GA,2022-01-31 06:40:00,few clouds
207,Amahai,-3.3333,128.9167,86.97,63,75,16.08,ID,2022-01-31 06:40:01,broken clouds
208,Pevek,69.7008,170.3133,-20.63,100,76,2.48,RU,2022-01-31 06:40:01,broken clouds
209,Paramonga,-10.6667,-77.8333,69.49,90,100,5.64,PE,2022-01-31 06:40:02,overcast clouds
210,Souillac,-20.5167,57.5167,87.37,74,75,14.97,MU,2022-01-31 06:40:02,broken clouds
211,Geraldton,-28.7667,114.6,84.61,51,0,24.16,AU,2022-01-31 06:39:51,clear sky
212,Poum,-20.2333,164.0167,80.64,73,10,13.29,NC,2022-01-31 06:40:02,clear sky
213,Cherskiy,68.75,161.3,-21.03,97,100,1.41,RU,2022-01-31 06:40:03,overcast clouds
214,Lypnyazhka,48.4469,31.0761,31.75,79,100,16.98,UA,2022-01-31 06:40:03,overcast clouds
215,Batesville,35.7698,-91.641,37.83,65,0,4.0,US,2022-01-31 06:40:03,clear sky
216,Dasoguz,41.8363,59.9666,30.15,100,100,11.5,TM,2022-01-31 06:40:04,overcast clouds
217,Sanandaj,35.3144,46.9923,26.62,69,0,2.3,IR,2022-01-31 06:40:04,clear sky
218,Port Pirie,-33.1833,138.0167,93.29,43,100,8.86,AU,2022-01-31 06:40:05,overcast clouds
219,Alice Springs,-23.7,133.8833,76.55,88,75,5.75,AU,2022-01-31 06:40:05,moderate rain
220,Luderitz,-26.6481,15.1594,65.91,86,62,6.69,NA,2022-01-31 06:40:05,broken clouds
221,Padang,-0.9492,100.3543,84.52,72,100,6.55,ID,2022-01-31 06:40:06,overcast clouds
222,Narsaq,60.9167,-46.05,22.48,84,100,13.29,GL,2022-01-31 06:40:06,snow
223,Deputatskiy,69.3,139.9,-23.28,100,100,1.63,RU,2022-01-31 06:40:06,overcast clouds
224,San Cristobal,7.7669,-72.225,62.22,88,97,2.84,VE,2022-01-31 06:40:07,overcast clouds
225,Neuquen,-38.9516,-68.0591,60.69,44,0,9.22,AR,2022-01-31 06:40:07,clear sky
226,Tocache,-8.1842,-76.5125,69.42,99,100,0.56,PE,2022-01-31 06:40:07,overcast clouds
227,Fortuna,40.5982,-124.1573,50.67,94,100,0.0,US,2022-01-31 06:40:08,overcast clouds
228,Thompson,55.7435,-97.8558,-5.64,84,75,4.61,CA,2022-01-31 06:40:08,broken clouds
229,Khasan,42.4308,130.6434,26.4,40,0,13.24,RU,2022-01-31 06:40:08,clear sky
230,Santana Do Matos,-5.9575,-36.6556,75.29,82,9,6.08,BR,2022-01-31 06:41:09,clear sky
231,East London,-33.0153,27.9116,76.14,83,0,5.75,ZA,2022-01-31 06:41:09,clear sky
232,Srednekolymsk,67.45,153.6833,-28.88,99,100,5.03,RU,2022-01-31 06:41:10,overcast clouds
233,Beidao,34.5686,105.8933,29.21,65,100,1.74,CN,2022-01-31 06:41:10,overcast clouds
234,Omboue,-1.5746,9.2618,80.38,79,81,2.66,GA,2022-01-31 06:41:10,broken clouds
235,Korla,41.7597,86.1469,30.42,39,27,1.83,CN,2022-01-31 06:39:11,scattered clouds
236,Charyshskoye,51.3978,83.5598,24.53,78,100,1.48,RU,2022-01-31 06:41:11,overcast clouds
237,Sonkovo,57.7782,37.1571,21.99,95,100,11.27,RU,2022-01-31 06:41:11,light snow
238,Provideniya,64.3833,-173.3,6.08,80,98,13.58,RU,2022-01-31 06:41:12,overcast clouds
239,Santa Maria Do Para,-1.3503,-47.5756,72.07,97,100,3.78,BR,2022-01-31 06:41:12,overcast clouds
240,Lahat,-3.8,103.5333,87.06,60,100,2.21,ID,2022-01-31 06:41:12,light rain
241,Port Blair,11.6667,92.75,80.64,61,40,9.22,IN,2022-01-31 06:41:13,haze
242,Balykshi,47.0667,51.8667,26.6,100,77,2.24,KZ,2022-01-31 06:41:13,mist
243,Georgetown,5.4112,100.3354,91.33,61,40,11.99,MY,2022-01-31 06:39:37,scattered clouds
244,Ulaangom,49.9811,92.0667,-16.76,94,98,3.04,MN,2022-01-31 06:41:14,overcast clouds
245,Lazaro Cardenas,17.9583,-102.2,71.91,79,0,4.74,MX,2022-01-31 06:41:14,clear sky
246,Qaanaaq,77.484,-69.3632,-6.36,87,100,6.04,GL,2022-01-31 06:41:14,overcast clouds
247,Komsomolskiy,40.4272,71.7189,33.22,93,100,2.3,UZ,2022-01-31 06:41:15,fog
248,Juneau,58.3019,-134.4197,28.45,91,54,3.71,US,2022-01-31 06:41:15,broken clouds
249,Itarema,-2.9248,-39.9167,76.35,87,43,9.04,BR,2022-01-31 06:41:15,scattered clouds
250,Bambanglipuro,-7.95,110.2833,85.01,71,100,8.77,ID,2022-01-31 06:41:16,overcast clouds
251,Mapiripan,2.8892,-72.1256,74.93,53,100,6.31,CO,2022-01-31 06:41:16,overcast clouds
252,Liverpool,53.4106,-2.9779,43.83,80,100,11.99,GB,2022-01-31 06:41:16,overcast clouds
253,Biak,-0.9131,122.8766,86.77,57,89,9.22,ID,2022-01-31 06:41:17,overcast clouds
254,Palauig,15.435,119.9045,83.26,71,38,5.14,PH,2022-01-31 06:41:17,scattered clouds
255,Sisimiut,66.9395,-53.6735,2.3,75,100,8.95,GL,2022-01-31 06:41:18,overcast clouds
256,Miyako,39.6367,141.9525,30.6,53,86,12.75,JP,2022-01-31 06:41:18,overcast clouds
257,Kontagora,10.3999,5.4695,68.29,13,67,10.38,NG,2022-01-31 06:41:18,broken clouds
258,Tamandare,-8.7597,-35.1047,77.25,84,11,6.33,BR,2022-01-31 06:41:19,few clouds
259,Opuwo,-18.0607,13.84,65.82,49,100,3.15,NA,2022-01-31 06:41:19,overcast clouds
260,Kargat,55.1956,80.2811,19.76,93,100,11.27,RU,2022-01-31 06:41:19,overcast clouds
261,Vao,-22.6667,167.4833,79.75,79,35,3.51,NC,2022-01-31 06:41:20,moderate rain
262,Pengcheng,36.4311,114.17,42.53,15,2,15.61,CN,2022-01-31 06:41:20,clear sky
263,Guilford,36.0668,-79.7998,27.5,68,0,1.01,US,2022-01-31 06:41:20,clear sky
264,Vanavara,60.34,102.2797,0.48,88,97,3.51,RU,2022-01-31 06:41:21,overcast clouds
265,Terrace,54.5163,-128.6035,33.71,100,75,3.44,CA,2022-01-31 06:40:18,light shower snow
266,Pangnirtung,66.1451,-65.7125,-24.48,85,14,5.59,CA,2022-01-31 06:41:21,few clouds
267,Ciudad Bolivar,8.1222,-63.5497,73.17,79,84,8.59,VE,2022-01-31 06:41:22,broken clouds
268,Shimoda,34.6667,138.95,55.51,62,49,7.58,JP,2022-01-31 06:41:22,scattered clouds
269,Pingliang,35.5392,106.6861,23.7,65,100,6.73,CN,2022-01-31 06:41:22,overcast clouds
270,Pallasovka,50.05,46.8833,32.47,90,100,18.45,RU,2022-01-31 06:41:23,snow
271,Balakhta,55.38,91.6,3.78,88,25,0.87,RU,2022-01-31 06:42:23,scattered clouds
272,Port Hardy,50.6996,-127.4199,39.76,93,100,5.75,CA,2022-01-31 06:42:23,overcast clouds
273,Honiara,-9.4333,159.95,81.99,84,52,3.56,SB,2022-01-31 06:42:24,broken clouds
274,Pisco,-13.7,-76.2167,68.05,88,0,9.22,PE,2022-01-31 06:42:24,clear sky
275,Sitka,57.0531,-135.33,33.69,86,0,0.0,US,2022-01-31 06:42:24,clear sky
276,Toora-Khem,52.4675,96.11,-0.72,87,32,1.45,RU,2022-01-31 06:42:25,scattered clouds
277,Goderich,43.7501,-81.7165,27.91,73,100,9.22,CA,2022-01-31 06:42:25,overcast clouds
278,Nouadhibou,20.931,-17.0347,64.38,72,100,19.57,MR,2022-01-31 06:42:25,overcast clouds
279,Ridgecrest,35.6225,-117.6709,37.26,32,0,5.75,US,2022-01-31 06:42:05,clear sky
280,Coihaique,-45.5752,-72.0662,48.81,61,20,3.44,CL,2022-01-31 06:42:26,few clouds
281,Laguna,38.421,-121.4238,52.09,86,0,0.0,US,2022-01-31 06:42:26,mist
282,Marsa Matruh,31.3525,27.2453,57.4,62,40,14.97,EG,2022-01-31 06:42:27,scattered clouds
283,Sobolevo,54.4299,31.8996,26.28,99,98,2.84,RU,2022-01-31 06:42:27,light snow
284,Perth,-31.9333,115.8333,90.14,34,0,19.57,AU,2022-01-31 06:40:29,clear sky
285,Grindavik,63.8424,-22.4338,28.87,69,100,11.5,IS,2022-01-31 06:42:27,snow
286,Iqaluit,63.7506,-68.5145,-23.31,74,20,5.99,CA,2022-01-31 06:42:28,few clouds
287,Tomatlan,19.9333,-105.25,64.65,78,0,2.89,MX,2022-01-31 06:42:28,clear sky
288,Corinto,37.9407,22.9573,50.11,68,0,0.69,GR,2022-01-31 06:42:28,clear sky
289,Kibaya,-5.3,36.5667,61.97,96,100,3.13,TZ,2022-01-31 06:42:29,light rain
290,Chuy,-33.6971,-53.4616,67.84,92,1,8.88,UY,2022-01-31 06:42:29,clear sky
291,Ribas Do Rio Pardo,-20.4431,-53.7592,71.1,94,99,8.63,BR,2022-01-31 06:42:29,overcast clouds
292,Bengkulu,-3.8004,102.2655,85.21,65,99,8.59,ID,2022-01-31 06:42:30,overcast clouds
293,Sibolga,1.7427,98.7792,84.33,71,100,6.31,ID,2022-01-31 06:42:30,overcast clouds
294,Porto Novo,6.4965,2.6036,69.62,24,10,5.55,BJ,2022-01-31 06:42:30,clear sky
295,Makakilo City,21.3469,-158.0858,72.68,70,40,3.44,US,2022-01-31 06:42:31,scattered clouds
296,Haverfordwest,51.8017,-4.9691,44.19,80,100,11.01,GB,2022-01-31 06:42:31,overcast clouds
297,Kampene,-3.6,26.6667,67.32,98,100,4.52,CD,2022-01-31 06:42:31,light rain
298,Bemidji,47.4736,-94.8803,13.24,84,0,11.5,US,2022-01-31 06:41:09,clear sky
299,Clyde River,70.4692,-68.5914,-27.17,68,75,5.75,CA,2022-01-31 06:42:32,light snow
300,San Ramon,37.7799,-121.978,51.26,89,20,3.0,US,2022-01-31 06:42:32,few clouds
301,Bonthe,7.5264,-12.505,73.51,94,10,3.18,SL,2022-01-31 06:42:33,clear sky
302,Bathsheba,13.2167,-59.5167,77.61,83,75,14.97,BB,2022-01-31 06:42:33,broken clouds
303,Inver Grove Heights,44.848,-93.0427,15.98,85,0,0.0,US,2022-01-31 06:42:33,clear sky
304,Canas,10.4294,-85.0931,73.26,87,50,11.95,CR,2022-01-31 06:42:34,scattered clouds
305,Avarua,-21.2078,-159.775,77.05,83,75,10.36,CK,2022-01-31 06:42:34,light rain
306,Guanica,17.9716,-66.908,73.9,86,1,1.99,PR,2022-01-31 06:42:34,clear sky
307,Hobyo,5.3505,48.5268,80.26,71,100,17.52,SO,2022-01-31 06:42:35,light rain
308,Chagoda,59.164,35.3285,21.7,95,100,7.56,RU,2022-01-31 06:42:35,light snow
309,Puri,19.8,85.85,81.12,53,16,7.47,IN,2022-01-31 06:42:35,few clouds
310,Asau,46.4333,26.4,37.96,61,23,16.75,RO,2022-01-31 06:42:36,few clouds
311,Cabo San Lucas,22.8909,-109.9124,70.52,80,19,4.0,MX,2022-01-31 06:38:32,few clouds
312,Tiksi,71.6872,128.8694,-12.46,98,100,3.49,RU,2022-01-31 06:42:36,overcast clouds
313,Dedougou,12.4667,-3.4667,66.02,16,10,7.83,BF,2022-01-31 06:42:37,clear sky
314,Laizhou,37.1717,119.9214,36.19,30,0,13.51,CN,2022-01-31 06:42:37,clear sky
315,Mehamn,71.0357,27.8492,30.38,100,100,9.22,NO,2022-01-31 06:42:37,snow
316,Moree,-29.4667,149.85,93.22,36,48,8.05,AU,2022-01-31 06:42:38,scattered clouds
317,Kavieng,-2.5744,150.7967,82.98,71,100,2.21,PG,2022-01-31 06:42:38,light rain
318,Vangaindrano,-23.35,47.6,82.36,55,0,2.19,MG,2022-01-31 06:42:38,clear sky
319,Bella Union,-30.2752,-57.6007,68.74,48,0,2.55,UY,2022-01-31 06:43:39,clear sky
320,Jiuquan,39.7432,98.5174,24.58,22,100,4.97,CN,2022-01-31 06:43:39,overcast clouds
321,Mamlyutka,54.9375,68.5394,5.02,93,44,7.7,KZ,2022-01-31 06:43:39,scattered clouds
322,Mul,20.0667,79.6667,84.99,14,0,3.65,IN,2022-01-31 06:43:40,clear sky
323,Roald,62.5833,6.1333,33.33,74,0,10.36,NO,2022-01-31 06:43:40,clear sky
324,Banyo,6.75,11.8167,67.59,22,20,1.14,CM,2022-01-31 06:43:40,few clouds
325,Galle,6.0367,80.217,82.98,73,21,4.03,LK,2022-01-31 06:43:41,few clouds
326,Richmond,37.5538,-77.4603,26.47,75,20,3.44,US,2022-01-31 06:42:56,few clouds
327,Rabo De Peixe,37.8,-25.5833,58.51,95,40,17.27,PT,2022-01-31 06:43:41,scattered clouds
328,Sao Miguel Do Araguaia,-13.275,-50.1628,69.84,98,100,3.74,BR,2022-01-31 06:43:42,overcast clouds
329,Port Lincoln,-34.7333,135.8667,74.66,62,0,13.53,AU,2022-01-31 06:43:42,clear sky
330,Beringovskiy,63.05,179.3167,-1.3,95,100,11.16,RU,2022-01-31 06:43:42,overcast clouds
331,Verkhnyaya Sinyachikha,57.976,61.6673,13.37,88,99,0.63,RU,2022-01-31 06:43:43,overcast clouds
332,Koslan,63.4564,48.8989,0.57,98,99,4.03,RU,2022-01-31 06:43:43,overcast clouds
333,Balurghat,25.2167,88.7667,72.61,35,0,3.09,IN,2022-01-31 06:43:43,clear sky
334,Ndjole,-0.1783,10.7649,77.41,91,97,1.21,GA,2022-01-31 06:43:44,overcast clouds
335,Maarianhamina,60.0973,19.9348,26.46,74,100,11.5,AX,2022-01-31 06:43:44,overcast clouds
336,Wittmund,53.5667,7.7833,40.01,92,75,8.05,DE,2022-01-31 06:43:44,light intensity drizzle rain
337,College,64.8569,-147.8028,-21.01,70,0,0.0,US,2022-01-31 06:43:45,light snow
338,Sola,-13.8833,167.55,86.67,74,75,0.0,VU,2022-01-31 06:43:45,broken clouds
339,Agucadoura,41.4318,-8.7804,41.23,53,0,4.29,PT,2022-01-31 06:43:46,clear sky
340,Mount Isa,-20.7333,139.5,76.77,100,40,5.75,AU,2022-01-31 06:43:46,thunderstorm with light rain
341,Alofi,-19.0595,-169.9187,76.89,83,100,3.44,NU,2022-01-31 06:43:46,overcast clouds
342,Dwarka,22.2394,68.9678,75.85,64,0,10.8,IN,2022-01-31 06:43:47,clear sky
343,Hilo,19.7297,-155.09,69.53,83,75,6.91,US,2022-01-31 06:43:47,light rain
344,Sainte-Anne-Des-Monts,49.124,-66.4924,10.27,61,100,18.41,CA,2022-01-31 06:40:35,overcast clouds
345,Chabahar,25.2919,60.643,74.28,56,0,13.24,IR,2022-01-31 06:43:47,clear sky
346,San Andres,12.5847,-81.7006,77.02,83,20,12.66,CO,2022-01-31 06:43:48,few clouds
347,Pacific Grove,36.6177,-121.9166,51.28,90,0,1.99,US,2022-01-31 06:42:23,clear sky
348,Tabou,4.423,-7.3528,76.91,87,12,2.68,CI,2022-01-31 06:43:48,few clouds
349,Lipay,15.4561,119.9208,83.32,71,39,4.88,PH,2022-01-31 06:43:48,scattered clouds
350,Khao Yoi,13.2403,99.8243,94.98,33,10,11.41,TH,2022-01-31 06:43:49,light rain
351,Halifax,44.6453,-63.5724,19.4,80,51,1.01,CA,2022-01-31 06:41:14,broken clouds
352,Krasnoselkup,65.7,82.4667,7.66,93,100,11.39,RU,2022-01-31 06:43:49,overcast clouds
353,Vanimo,-2.6741,141.3028,78.19,82,100,10.69,PG,2022-01-31 06:43:50,moderate rain
354,Abnub,27.2696,31.1511,46.62,51,87,14.09,EG,2022-01-31 06:43:50,overcast clouds
355,Sun Valley,39.5963,-119.776,44.92,45,75,5.01,US,2022-01-31 06:41:09,broken clouds
356,Svetlogorsk,52.6333,29.7333,28.63,96,100,10.27,BY,2022-01-31 06:43:50,light snow
357,Ciro Marina,39.3732,17.126,53.62,68,0,4.54,IT,2022-01-31 06:43:51,clear sky
358,Christchurch,-43.5333,172.6333,67.91,71,64,5.01,NZ,2022-01-31 06:43:51,broken clouds
359,Te Anau,-45.4167,167.7167,69.26,77,66,3.91,NZ,2022-01-31 06:43:51,broken clouds
360,Folkestone,51.0833,1.1833,44.33,70,95,18.99,GB,2022-01-31 06:43:52,overcast clouds
361,Orange,33.7,-117.7675,58.08,56,0,0.0,US,2022-01-31 06:43:52,clear sky
362,Tilichiki,60.4667,166.1,10.49,94,100,11.07,RU,2022-01-31 06:43:52,light snow
363,Hollins,37.3413,-79.9431,27.18,75,0,0.0,US,2022-01-31 06:43:53,clear sky
364,Viedma,-40.8135,-62.9967,55.56,45,2,6.91,AR,2022-01-31 06:43:53,clear sky
365,Bandarbeyla,9.4942,50.8122,79.09,71,100,19.01,SO,2022-01-31 06:44:54,overcast clouds
366,Comodoro Rivadavia,-45.8667,-67.5,55.26,38,0,16.11,AR,2022-01-31 06:44:54,clear sky
367,Ust-Kan,50.9276,84.761,19.44,79,47,2.98,RU,2022-01-31 06:44:54,scattered clouds
368,Shizunai,42.3339,142.3669,22.59,63,100,14.7,JP,2022-01-31 06:44:55,overcast clouds
369,Tingi,-11.3,35.0333,71.42,78,42,2.08,TZ,2022-01-31 06:44:55,light rain
370,Salamanca,40.8333,-6.0,37.74,48,0,4.79,ES,2022-01-31 06:44:55,clear sky
371,Gilgit,35.9221,74.3087,33.84,65,99,1.03,PK,2022-01-31 06:44:56,overcast clouds
372,Necochea,-38.5473,-58.7368,57.76,54,16,11.81,AR,2022-01-31 06:44:56,few clouds
373,Placido De Castro,-10.3353,-67.1856,71.33,99,100,0.2,BR,2022-01-31 06:44:56,overcast clouds
374,Lima,-12.0432,-77.0282,68.9,85,0,4.61,PE,2022-01-31 06:44:57,clear sky
375,Soto,-32.8107,-61.4026,73.11,54,0,6.67,AR,2022-01-31 06:44:57,clear sky
376,Saint Anthony,45.0205,-93.218,14.97,84,0,4.0,US,2022-01-31 06:44:57,clear sky
377,Nanchang,28.6833,115.8833,45.0,72,100,5.61,CN,2022-01-31 06:44:58,light rain
378,Carballo,43.213,-8.691,46.76,89,17,5.12,ES,2022-01-31 06:44:58,few clouds
379,Kirakira,-10.4544,161.9205,82.85,80,80,5.46,SB,2022-01-31 06:44:58,broken clouds
380,Muslyumovo,55.3033,53.1947,17.15,95,69,5.32,RU,2022-01-31 06:44:59,broken clouds
381,Koumac,-20.5667,164.2833,80.08,74,70,7.23,NC,2022-01-31 06:44:59,broken clouds
382,Maraba,-5.3686,-49.1178,77.18,100,40,0.0,BR,2022-01-31 06:45:00,scattered clouds
383,Lerwick,60.1545,-1.1494,39.2,56,100,30.65,GB,2022-01-31 06:45:00,overcast clouds
384,Motygino,58.1831,94.7592,8.6,89,100,1.12,RU,2022-01-31 06:45:00,overcast clouds
385,Fare,-16.7,-151.0167,80.44,73,15,9.4,PF,2022-01-31 06:45:01,light rain
386,Nemuro,43.3236,145.575,18.03,47,40,15.97,JP,2022-01-31 06:45:01,scattered clouds
387,Pahrump,36.2083,-115.9839,50.76,23,4,0.65,US,2022-01-31 06:45:01,clear sky
388,Nizhniy Ufaley,55.9153,59.9842,22.24,89,98,1.63,RU,2022-01-31 06:45:02,overcast clouds
389,Hailey,43.5196,-114.3153,17.46,67,0,8.05,US,2022-01-31 06:45:02,clear sky
390,Lagunas,-5.2269,-75.6753,71.8,96,86,2.71,PE,2022-01-31 06:45:03,overcast clouds
391,Miracema Do Tocantins,-9.5618,-48.3967,70.18,97,100,1.63,BR,2022-01-31 06:45:04,moderate rain
392,Dubove,48.1721,23.8895,31.62,96,83,5.23,UA,2022-01-31 06:45:04,light snow
393,Rach Gia,10.0167,105.0833,85.95,51,13,6.87,VN,2022-01-31 06:45:04,few clouds
394,Asfi,32.2994,-9.2372,63.19,53,62,8.32,MA,2022-01-31 06:45:05,broken clouds
395,Payson,40.0444,-111.7321,34.39,62,0,0.0,US,2022-01-31 06:45:06,clear sky
396,Dingle,10.9995,122.6711,84.29,70,100,9.78,PH,2022-01-31 06:45:06,overcast clouds
397,Yerbogachen,61.2767,108.0108,-5.44,95,99,4.72,RU,2022-01-31 06:45:07,overcast clouds
398,Dosso,13.049,3.1937,64.27,14,11,15.66,NE,2022-01-31 06:45:07,few clouds
399,Dashitou,43.3067,128.5114,13.24,72,3,6.22,CN,2022-01-31 06:45:07,clear sky
400,Shiraz,29.6036,52.5388,51.24,35,0,0.0,IR,2022-01-31 06:44:35,dust
401,Oranjemund,-28.55,16.4333,68.81,81,36,6.58,NA,2022-01-31 06:45:08,scattered clouds
402,Bairiki,1.3292,172.9752,84.2,79,40,10.36,KI,2022-01-31 06:45:08,light rain
403,Gobabis,-22.45,18.9667,69.96,72,99,15.3,NA,2022-01-31 06:45:09,overcast clouds
404,Kahului,20.8947,-156.47,74.84,72,75,5.75,US,2022-01-31 06:45:09,broken clouds
405,Boa Vista,2.8197,-60.6733,78.78,69,40,8.05,BR,2022-01-31 06:45:09,scattered clouds
406,Stornoway,58.2093,-6.3865,37.92,82,40,4.0,GB,2022-01-31 06:45:10,scattered clouds
407,Katsuura,35.1333,140.3,48.31,33,98,8.79,JP,2022-01-31 06:45:10,overcast clouds
408,Colares,38.7992,-9.4469,54.9,57,0,5.01,PT,2022-01-31 06:45:11,clear sky
409,Bilma,18.6853,12.9164,51.87,20,6,16.28,NE,2022-01-31 06:46:11,clear sky
410,Gravdal,68.1214,13.5031,33.69,80,100,11.5,NO,2022-01-31 06:46:11,overcast clouds
411,Vila Franca Do Campo,37.7167,-25.4333,59.41,82,95,14.85,PT,2022-01-31 06:46:12,overcast clouds
412,Kovdor,67.5662,30.4758,1.71,99,94,1.9,RU,2022-01-31 06:46:12,overcast clouds
413,Kabo,7.6994,18.629,75.34,16,45,8.03,CF,2022-01-31 06:46:13,scattered clouds
414,Pocone,-16.2567,-56.6228,72.0,98,100,5.97,BR,2022-01-31 06:46:13,light rain
415,Watsa,3.0372,29.5355,78.66,23,73,4.9,CD,2022-01-31 06:46:13,broken clouds
416,Terney,45.0503,136.6092,14.86,61,7,9.64,RU,2022-01-31 06:46:14,clear sky
417,Wilmington,34.2257,-77.9447,49.86,68,3,7.2,US,2022-01-31 06:45:25,clear sky
418,Villa Bruzual,9.3328,-69.1208,71.15,67,77,7.67,VE,2022-01-31 06:46:14,broken clouds
419,Praia,14.9215,-23.5087,68.54,83,75,18.41,CV,2022-01-31 06:46:15,broken clouds
420,Durango,24.8333,-104.8333,45.27,52,5,6.51,MX,2022-01-31 06:44:17,clear sky
421,Palafrugell,41.9174,3.1631,45.72,71,0,5.55,ES,2022-01-31 06:46:15,clear sky
422,Mao,39.8885,4.2658,43.36,93,20,4.61,ES,2022-01-31 06:46:15,few clouds
423,Gucheng,35.9115,111.3192,34.65,22,18,8.84,CN,2022-01-31 06:46:16,few clouds
424,Ouesso,1.6136,16.0517,78.01,26,12,3.42,CG,2022-01-31 06:46:16,few clouds
425,Pietroasa,46.5833,22.55,25.72,97,100,3.47,RO,2022-01-31 06:46:17,light snow
426,Najran,17.4924,44.1277,63.25,27,0,3.29,SA,2022-01-31 06:46:17,clear sky
427,Severnyy,50.677,36.5532,30.24,93,100,11.18,RU,2022-01-31 06:46:17,snow
428,Bulolo,-7.2,146.65,78.57,73,100,4.68,PG,2022-01-31 06:46:18,overcast clouds
429,Palmerston,-12.486,130.9833,88.93,67,75,21.85,AU,2022-01-31 06:46:19,broken clouds
430,Mount Gambier,-37.8333,140.7667,87.71,23,0,17.27,AU,2022-01-31 06:46:19,clear sky
431,Edd,13.9297,41.6925,83.59,48,5,11.7,ER,2022-01-31 06:46:19,clear sky
432,Luwingu,-10.2621,29.9271,63.88,93,100,3.18,ZM,2022-01-31 06:46:20,light rain
433,Yar-Sale,66.8333,70.8333,-4.38,100,93,7.23,RU,2022-01-31 06:46:20,overcast clouds
434,Nagayo,32.8242,129.8861,49.35,32,20,12.66,JP,2022-01-31 06:46:21,few clouds
435,Loukhi,66.0764,33.0381,-6.0,100,100,3.06,RU,2022-01-31 06:46:21,overcast clouds
436,Lavrentiya,65.5833,-171.0,-9.62,91,10,5.44,RU,2022-01-31 06:46:21,clear sky
437,Puksoozero,62.5903,40.6066,9.7,95,100,5.5,RU,2022-01-31 06:46:22,overcast clouds
438,Linden,6.0,-58.3,71.74,99,100,1.36,GY,2022-01-31 06:45:02,light rain
439,Bani Walid,31.7566,13.9942,47.5,43,0,5.82,LY,2022-01-31 06:46:22,clear sky
440,Huilong,31.8111,121.655,46.98,44,100,6.76,CN,2022-01-31 06:46:23,overcast clouds
441,Oppdal,62.5943,9.6912,14.47,87,100,8.39,NO,2022-01-31 06:46:23,overcast clouds
442,Srandakan,-7.9386,110.2506,85.14,71,100,8.48,ID,2022-01-31 06:46:24,overcast clouds
443,Pemba,-12.974,40.5178,81.3,88,20,5.99,MZ,2022-01-31 06:46:24,few clouds
444,Kamaishi,39.2667,141.8833,31.15,54,31,14.16,JP,2022-01-31 06:46:25,scattered clouds
445,Saint-Jerome,45.7804,-74.0036,9.57,81,40,5.75,CA,2022-01-31 06:46:25,scattered clouds
446,Rocha,-34.4833,-54.3333,65.77,92,1,9.24,UY,2022-01-31 06:46:25,clear sky
447,Severnoye,56.3491,78.3619,17.89,92,100,10.58,RU,2022-01-31 06:46:26,overcast clouds
448,Coquimbo,-29.9533,-71.3436,63.73,86,43,2.86,CL,2022-01-31 06:46:26,scattered clouds
449,Plock,52.5468,19.7064,31.96,84,100,12.33,PL,2022-01-31 06:46:26,overcast clouds
450,Okato,-39.2,173.8833,72.68,74,100,5.39,NZ,2022-01-31 06:46:27,overcast clouds
451,Elliot Lake,46.3834,-82.6331,10.49,96,100,3.36,CA,2022-01-31 06:46:27,overcast clouds
452,Port Hawkesbury,45.6169,-61.3485,24.39,76,100,5.99,CA,2022-01-31 06:46:28,overcast clouds
453,Hasaki,35.7333,140.8333,50.29,24,1,5.3,JP,2022-01-31 06:46:28,clear sky
454,Tromso,69.6496,18.957,24.82,80,75,16.11,NO,2022-01-31 06:46:28,broken clouds
455,Kapiri Mposhi,-13.9652,28.6809,62.91,99,100,3.06,ZM,2022-01-31 06:46:29,heavy intensity rain
456,Half Moon Bay,37.4636,-122.4286,52.75,89,100,0.0,US,2022-01-31 06:46:17,overcast clouds
457,New Plymouth,-39.0667,174.0833,73.31,57,100,4.63,NZ,2022-01-31 06:42:34,overcast clouds
458,Kamenka,51.3223,42.7678,32.76,98,100,15.66,RU,2022-01-31 06:47:29,light snow
459,Betare Oya,5.6,14.0833,71.08,18,80,7.47,CM,2022-01-31 06:47:30,broken clouds
460,Dhidhdhoo,6.8833,73.1,81.55,76,25,9.08,MV,2022-01-31 06:47:30,scattered clouds
461,Klaksvik,62.2266,-6.589,32.92,67,95,33.84,FO,2022-01-31 06:47:30,light snow
462,Isangel,-19.55,169.2667,80.71,94,100,3.44,VU,2022-01-31 06:47:31,overcast clouds
463,Hella,67.2,14.4333,26.74,84,75,19.57,NO,2022-01-31 06:47:32,broken clouds
464,Praia Da Vitoria,38.7333,-27.0667,59.25,77,75,23.8,PT,2022-01-31 06:47:32,broken clouds
465,Noumea,-22.2763,166.4572,80.58,79,100,4.72,NC,2022-01-31 06:47:32,overcast clouds
466,Norman Wells,65.282,-126.8329,-14.76,76,75,6.91,CA,2022-01-31 06:47:33,light snow
467,Tiznit,29.5833,-9.5,59.99,40,95,13.04,MA,2022-01-31 06:47:33,overcast clouds
468,Rincon,32.296,-81.2354,47.86,65,0,8.05,US,2022-01-31 06:47:34,clear sky
469,Panyutyne,48.9333,36.2833,31.12,96,100,18.99,UA,2022-01-31 06:47:34,light snow
470,Ede,52.0333,5.6583,43.77,93,75,16.11,NL,2022-01-31 06:47:34,light rain
471,Gualeguay,-33.1416,-59.3097,67.44,56,8,6.82,AR,2022-01-31 06:44:04,clear sky
472,Chenzhou,25.8,113.0333,39.58,96,100,5.14,CN,2022-01-31 06:47:35,overcast clouds
473,Aksarka,66.5606,67.7975,-0.54,96,100,3.78,RU,2022-01-31 06:47:35,overcast clouds
474,Ossora,59.2353,163.0719,21.61,94,100,21.0,RU,2022-01-31 06:47:36,snow
475,Japura,-0.3167,102.35,91.35,51,99,2.26,ID,2022-01-31 06:47:36,moderate rain
476,San Quintin,30.4833,-115.95,57.7,63,4,6.13,MX,2022-01-31 06:47:37,clear sky
477,Qasigiannguit,68.8193,-51.1922,-8.61,65,100,8.41,GL,2022-01-31 06:47:37,overcast clouds
478,Imbituba,-28.24,-48.6703,72.82,86,77,6.13,BR,2022-01-31 06:47:37,broken clouds
479,Shorewood,41.52,-88.2017,28.44,74,100,0.0,US,2022-01-31 06:47:38,overcast clouds
480,Beloha,-25.1667,45.05,87.55,36,80,10.11,MG,2022-01-31 06:47:38,broken clouds
481,Tual,-5.6667,132.75,83.55,79,100,22.82,ID,2022-01-31 06:47:38,moderate rain
482,Juba,4.8517,31.5825,86.04,18,97,6.91,SS,2022-01-31 06:47:39,overcast clouds
483,Chokwe,-24.5333,32.9833,81.59,57,62,5.44,MZ,2022-01-31 06:47:39,broken clouds
484,Emerald,-23.5333,148.1667,97.34,32,54,3.44,AU,2022-01-31 06:47:40,broken clouds
485,Itoman,26.1247,127.6694,64.42,55,40,13.8,JP,2022-01-31 06:46:19,scattered clouds
486,Bulgan,48.8125,103.5347,5.74,73,8,1.59,MN,2022-01-31 06:47:40,clear sky
487,Homer,59.6425,-151.5483,16.77,92,0,3.44,US,2022-01-31 06:47:40,clear sky
488,Abay,49.6311,72.8539,16.18,93,99,9.95,KZ,2022-01-31 06:47:41,overcast clouds
489,Znamenskoye,57.1281,73.8282,12.63,91,100,8.12,RU,2022-01-31 06:47:42,overcast clouds
490,Muros,42.7762,-9.0603,48.83,86,2,11.16,ES,2022-01-31 06:47:42,clear sky
491,Ulkan,57.243,107.3223,7.92,85,100,1.59,RU,2022-01-31 06:47:42,overcast clouds
492,Rawson,-43.3002,-65.1023,57.88,34,100,14.56,AR,2022-01-31 06:47:43,overcast clouds
493,Candido Mendes,-1.4467,-45.7167,71.73,96,100,2.19,BR,2022-01-31 06:47:43,overcast clouds
494,Yachimata,35.65,140.3167,49.8,25,20,16.11,JP,2022-01-31 06:47:43,few clouds
495,Kristiinankaupunki,62.2743,21.376,15.33,91,89,12.44,FI,2022-01-31 06:47:44,overcast clouds
496,Mountain Home,43.133,-115.6912,27.79,100,75,21.85,US,2022-01-31 06:43:27,broken clouds
497,Chapais,49.7834,-74.8492,-15.02,100,100,2.91,CA,2022-01-31 06:47:45,overcast clouds
498,Prince Rupert,54.3161,-130.3201,37.09,93,100,4.61,CA,2022-01-31 06:45:17,light rain
499,Pingyin,36.2831,116.4453,42.1,15,0,15.68,CN,2022-01-31 06:48:45,clear sky
500,Anqing,30.5092,117.0506,45.72,56,100,4.54,CN,2022-01-31 06:48:46,light rain
501,Sakakah,29.9697,40.2064,51.37,43,100,17.47,SA,2022-01-31 06:48:47,overcast clouds
502,Trincomalee,8.5711,81.2335,81.99,66,94,11.79,LK,2022-01-31 06:48:47,overcast clouds
503,Macau,22.2006,113.5461,57.92,67,40,19.57,MO,2022-01-31 06:48:48,scattered clouds
504,Tacna,-18.0056,-70.2483,62.65,85,72,1.74,PE,2022-01-31 06:48:48,broken clouds
505,Lamu,-2.2717,40.902,82.62,70,80,8.66,KE,2022-01-31 06:48:48,broken clouds
506,Elliot,-31.3333,27.85,73.89,53,85,5.12,ZA,2022-01-31 06:48:49,overcast clouds
507,Rio Gallegos,-51.6226,-69.2181,46.45,66,0,13.8,AR,2022-01-31 06:48:49,clear sky
508,Karratha,-20.7377,116.8463,92.86,51,100,22.41,AU,2022-01-31 06:48:50,overcast clouds
509,Waltershausen,50.9,10.5667,36.23,93,100,18.59,DE,2022-01-31 06:48:50,snow
510,Kargil,34.5667,76.1,15.35,83,100,2.13,IN,2022-01-31 06:48:50,overcast clouds
511,Iskateley,67.6803,53.1512,10.31,94,100,11.27,RU,2022-01-31 06:48:51,overcast clouds
512,Jacqueville,5.2052,-4.4146,78.71,83,78,3.67,CI,2022-01-31 06:48:51,broken clouds
513,Cimislia,46.52,28.7842,40.64,68,21,10.74,MD,2022-01-31 06:48:51,light rain
514,Hokitika,-42.7167,170.9667,66.45,65,98,3.51,NZ,2022-01-31 06:48:52,overcast clouds
515,Safaga,26.7292,33.9365,53.55,38,0,10.69,EG,2022-01-31 06:48:52,clear sky
516,Namatanai,-3.6667,152.4333,83.05,76,53,4.7,PG,2022-01-31 06:48:53,light rain
517,Husavik,66.0449,-17.3389,21.11,66,100,13.62,IS,2022-01-31 06:48:53,overcast clouds
518,Basco,20.4487,121.9702,70.43,72,100,26.17,PH,2022-01-31 06:48:53,overcast clouds
519,Flin Flon,54.7682,-101.865,4.08,97,91,5.44,CA,2022-01-31 06:46:11,overcast clouds
520,Ginir,7.1333,40.7,66.78,21,99,6.64,ET,2022-01-31 06:48:54,overcast clouds
521,Da Nang,16.0678,108.2208,71.58,88,75,9.22,VN,2022-01-31 06:47:50,broken clouds
522,La Cruz,23.9167,-106.9,62.91,58,11,5.53,MX,2022-01-31 06:48:54,few clouds
523,Carutapera,-1.195,-46.02,73.29,95,100,3.62,BR,2022-01-31 06:48:54,light rain
524,Sao Filipe,14.8961,-24.4956,71.49,75,100,13.02,CV,2022-01-31 06:48:55,overcast clouds
525,Ulladulla,-35.35,150.4667,79.88,79,76,10.38,AU,2022-01-31 06:48:55,light rain
526,Palmer,42.1584,-72.3287,10.02,81,75,3.44,US,2022-01-31 06:48:56,broken clouds
527,Los Llanos De Aridane,28.6585,-17.9182,56.95,65,0,8.99,ES,2022-01-31 06:48:56,clear sky
528,Aklavik,68.2191,-135.0107,4.03,82,100,12.35,CA,2022-01-31 06:48:56,overcast clouds
529,Naron,43.5167,-8.1528,47.05,84,8,9.48,ES,2022-01-31 06:48:57,clear sky
530,Hit,33.6416,42.8251,53.26,47,25,7.43,IQ,2022-01-31 06:48:58,scattered clouds
531,Bushehr,28.9684,50.8385,62.62,41,0,9.22,IR,2022-01-31 06:48:58,clear sky
532,Guiglo,6.5456,-7.4966,61.12,39,0,0.89,CI,2022-01-31 06:48:59,clear sky
533,Bajil,15.0584,43.2851,78.44,62,6,3.69,YE,2022-01-31 06:48:59,clear sky
534,Graham,47.0529,-122.2943,40.28,91,75,1.01,US,2022-01-31 06:48:59,broken clouds
535,Benguela,-12.5763,13.4055,76.15,79,100,2.71,AO,2022-01-31 06:49:00,overcast clouds
536,Visby,57.6409,18.296,32.22,69,75,17.27,SE,2022-01-31 06:49:00,broken clouds
537,Morehead,37.2711,-87.1764,31.14,84,0,0.0,US,2022-01-31 06:49:00,clear sky
538,Cockburn Town,21.4612,-71.1419,73.27,82,100,18.9,TC,2022-01-31 06:49:01,overcast clouds
539,Saint-Louis,16.3333,-15.0,76.64,15,100,7.4,SN,2022-01-31 06:49:02,overcast clouds
540,Orlik,52.5178,99.825,-0.78,74,21,0.2,RU,2022-01-31 06:49:02,few clouds
541,Panjab,34.388,67.0233,20.21,87,82,3.27,AF,2022-01-31 06:49:03,broken clouds
542,Waddan,29.1614,16.139,45.79,76,0,4.81,LY,2022-01-31 06:49:03,clear sky
543,Burns Lake,54.2331,-125.7533,11.62,99,96,2.37,CA,2022-01-31 06:49:04,overcast clouds
544,Manokwari,-0.8667,134.0833,78.57,73,100,14.41,ID,2022-01-31 06:49:04,overcast clouds
545,Dunedin,-45.8742,170.5036,62.96,85,72,10.16,NZ,2022-01-31 06:49:05,broken clouds
546,Sidvokodvo,-26.6282,31.4202,78.48,74,54,2.95,SZ,2022-01-31 06:49:05,broken clouds
547,Coihueco,-36.6167,-71.8333,54.27,59,0,5.75,CL,2022-01-31 06:50:05,clear sky
548,Paita,-5.0892,-81.1144,70.54,82,100,9.06,PE,2022-01-31 06:50:06,overcast clouds
549,Kurilsk,45.2333,147.8833,19.72,66,99,17.2,RU,2022-01-31 06:50:06,overcast clouds
550,Camacha,33.0833,-16.3333,61.56,82,20,21.85,PT,2022-01-31 06:50:06,few clouds
551,Yanam,16.7333,82.2167,82.8,34,2,3.06,IN,2022-01-31 06:50:07,clear sky
552,Bairnsdale,-37.8333,147.6167,87.46,81,34,5.01,AU,2022-01-31 06:50:07,scattered clouds
553,Sicamous,50.8331,-118.9856,34.2,98,100,5.59,CA,2022-01-31 06:50:07,snow
554,Dong Xoai,11.5333,106.9167,96.75,32,31,6.02,VN,2022-01-31 06:45:20,scattered clouds
555,Burdur,37.7203,30.2908,30.9,100,100,6.91,TR,2022-01-31 06:50:08,snow
556,Izhma,65.0083,53.9113,2.5,96,99,5.99,RU,2022-01-31 06:50:08,overcast clouds
557,Taltal,-25.4,-70.4833,63.07,83,62,2.44,CL,2022-01-31 06:50:09,broken clouds
558,Melfi,40.9965,15.6514,42.4,90,0,6.44,IT,2022-01-31 06:50:09,clear sky
559,Mattru,7.6244,-11.8332,69.75,98,52,2.17,SL,2022-01-31 06:50:09,broken clouds
560,Riviere-Au-Renard,48.9957,-64.3971,6.8,94,100,6.15,CA,2022-01-31 06:48:33,overcast clouds
561,Namibe,-15.1961,12.1522,70.43,83,20,9.22,AO,2022-01-31 06:50:10,few clouds
562,Kiunga,-6.1219,141.2906,86.72,66,100,2.01,PG,2022-01-31 06:50:10,overcast clouds
563,Saint-Leu,-21.15,55.2833,85.03,74,46,14.47,RE,2022-01-31 06:50:11,scattered clouds
564,Praya,14.9215,-23.5087,68.54,83,75,18.41,CV,2022-01-31 06:50:11,broken clouds
565,Urusha,54.05,122.9,6.39,67,99,5.75,RU,2022-01-31 06:50:11,overcast clouds
566,Alta Floresta,-9.8756,-56.0861,69.28,99,100,2.73,BR,2022-01-31 06:50:12,light rain
567,Zilair,52.2332,57.4392,23.41,94,100,9.28,RU,2022-01-31 06:50:12,overcast clouds
568,Tessalit,20.1986,1.0114,61.97,18,27,9.33,ML,2022-01-31 06:50:13,scattered clouds
569,Alugan,12.2188,125.4808,82.71,70,30,7.94,PH,2022-01-31 06:50:13,scattered clouds
570,Porto San Giorgio,43.1827,13.7934,47.17,65,9,6.6,IT,2022-01-31 06:50:13,clear sky
571,Kawalu,-7.3817,108.2082,83.86,72,100,1.86,ID,2022-01-31 06:50:14,overcast clouds
572,Ushumun,52.7833,126.5333,7.23,74,26,7.74,RU,2022-01-31 06:50:14,scattered clouds
573,Ghanzi,-21.5667,21.7833,70.38,80,97,16.8,BW,2022-01-31 06:50:14,light rain
574,San Patricio,28.017,-97.5169,64.38,82,100,11.86,US,2022-01-31 06:50:15,overcast clouds
575,Wattegama,6.7989,81.4808,81.52,71,61,9.98,LK,2022-01-31 06:50:15,broken clouds
576,Raga,8.4596,25.678,71.31,15,1,9.51,SS,2022-01-31 06:50:15,clear sky
577,Mogadishu,2.0371,45.3438,82.27,69,40,14.97,SO,2022-01-31 06:50:16,scattered clouds
578,Nenjiang,49.1833,125.2167,6.94,88,17,3.18,CN,2022-01-31 06:50:16,few clouds
579,Ko Samui,9.5357,99.9357,87.71,62,20,12.66,TH,2022-01-31 06:50:17,few clouds
580,Bubaque,11.2833,-15.8333,77.14,66,3,5.53,GW,2022-01-31 06:50:17,clear sky
581,Inhambane,-23.865,35.3833,82.38,69,20,5.99,MZ,2022-01-31 06:50:17,few clouds
582,Stokmarknes,68.5646,14.9108,30.18,80,75,19.57,NO,2022-01-31 06:50:18,light shower snow
583,Boulsa,12.6675,-0.5758,65.43,17,1,10.65,BF,2022-01-31 06:50:18,clear sky
584,Yulara,-25.2406,130.9889,80.44,74,75,21.85,AU,2022-01-31 06:50:18,broken clouds
585,High Level,58.5169,-117.136,-3.89,77,40,17.27,CA,2022-01-31 06:50:19,scattered clouds
586,North Branch,45.5113,-92.9802,15.12,91,40,6.26,US,2022-01-31 06:50:19,scattered clouds
587,Belyy Yar,53.6039,91.3903,-5.91,77,40,0.0,RU,2022-01-31 06:50:19,mist
588,Batemans Bay,-35.7167,150.1833,80.2,77,89,7.96,AU,2022-01-31 06:50:20,overcast clouds
589,Luanda,-8.8368,13.2343,78.08,80,100,6.71,AO,2022-01-31 06:45:29,light rain
590,Aripuana,-9.1667,-60.6333,70.63,100,100,1.25,BR,2022-01-31 06:50:20,light rain
591,Shingu,33.7333,135.9833,47.91,39,7,9.31,JP,2022-01-31 06:50:21,clear sky
592,Luancheng,37.8792,114.6517,41.16,16,0,13.22,CN,2022-01-31 06:50:21,clear sky
593,Zelenoborsk,61.4669,64.0333,5.29,91,100,2.77,RU,2022-01-31 06:50:21,overcast clouds
594,Faya,18.3851,42.4509,60.91,41,4,10.2,SA,2022-01-31 06:50:22,clear sky
595,Akdagmadeni,39.6603,35.8836,28.94,96,100,2.1,TR,2022-01-31 06:51:22,light snow
596,Gura Humorului,47.55,25.9,36.73,69,21,11.27,RO,2022-01-31 06:51:22,few clouds
597,Muncar,-8.4333,114.3333,85.39,67,100,8.9,ID,2022-01-31 06:51:23,overcast clouds
598,Ekhabi,53.5102,142.9671,6.35,91,100,23.73,RU,2022-01-31 06:51:23,overcast clouds
599,Kamogawa,35.1,140.1,48.25,34,83,6.24,JP,2022-01-31 06:51:23,broken clouds
600,Lata,40.1629,-8.3327,36.01,50,1,3.94,PT,2022-01-31 06:51:24,clear sky
601,Kindersley,51.4668,-109.1682,26.38,80,100,11.5,CA,2022-01-31 06:51:24,overcast clouds
602,Anadyr,64.75,177.4833,-1.7,78,0,4.47,RU,2022-01-31 06:51:25,clear sky
603,Morondava,-20.2833,44.2833,85.05,63,0,5.01,MG,2022-01-31 06:51:25,clear sky
604,Lublin,51.0,23.0,33.39,82,95,19.95,PL,2022-01-31 06:51:25,light snow
605,Nanga Eboko,4.6833,12.3667,67.98,27,100,2.64,CM,2022-01-31 06:51:26,overcast clouds
606,Qui Nhon,13.7667,109.2333,78.64,73,27,9.04,VN,2022-01-31 06:47:59,scattered clouds
607,North Bend,43.4065,-124.2243,45.95,99,100,8.05,US,2022-01-31 06:51:26,overcast clouds
608,Marica,-22.9194,-42.8186,76.86,95,100,5.68,BR,2022-01-31 06:51:26,overcast clouds
609,Kashi,39.4547,75.9797,33.01,34,40,6.71,CN,2022-01-31 06:51:27,light snow
610,Imamoglu,37.2651,35.6572,45.63,92,100,6.87,TR,2022-01-31 06:51:27,overcast clouds
611,Abu Dhabi,24.4667,54.3667,69.96,76,0,3.44,AE,2022-01-31 06:51:27,clear sky
612,Northam,51.0333,-4.2167,46.02,79,100,23.55,GB,2022-01-31 06:51:28,overcast clouds
613,Jieshi,22.8134,115.8257,54.95,61,100,12.97,CN,2022-01-31 06:51:28,overcast clouds
614,Venado,22.9333,-101.0833,52.56,52,30,1.36,MX,2022-01-31 06:51:28,scattered clouds
615,Evensk,61.95,159.2333,19.2,82,100,14.16,RU,2022-01-31 06:51:29,overcast clouds
616,Suba,10.8438,121.0102,81.64,79,98,18.68,PH,2022-01-31 06:51:29,overcast clouds
617,Vardo,70.3705,31.1107,29.21,75,37,12.64,NO,2022-01-31 06:51:30,scattered clouds
618,Patterson,37.4716,-121.1297,50.56,86,100,2.01,US,2022-01-31 06:51:30,overcast clouds
619,Lasa,46.6166,10.7002,40.46,44,95,4.72,IT,2022-01-31 06:51:30,overcast clouds
620,Abha,18.2164,42.5053,60.62,44,0,10.36,SA,2022-01-31 06:49:01,clear sky
621,Bowen,-20.0167,148.2333,82.62,72,12,13.78,AU,2022-01-31 06:51:31,few clouds
622,Provost,52.3501,-110.2683,20.48,89,100,7.05,CA,2022-01-31 06:51:31,overcast clouds
623,Rahatgarh,23.7833,78.3667,76.37,21,0,9.04,IN,2022-01-31 06:51:32,clear sky
624,Kloulklubed,7.0419,134.2556,82.58,68,100,13.73,PW,2022-01-31 06:51:32,overcast clouds
625,Cacu,-18.5567,-51.1308,69.8,95,100,9.19,BR,2022-01-31 06:48:55,light rain
626,Usinsk,65.9939,57.5281,3.43,96,100,10.25,RU,2022-01-31 06:51:32,overcast clouds
627,Zhigansk,66.7697,123.3711,-30.53,100,95,2.62,RU,2022-01-31 06:51:33,overcast clouds
628,Sechura,-5.5569,-80.8222,70.7,79,100,7.25,PE,2022-01-31 06:51:33,overcast clouds
629,Lakatoro,-16.0999,167.4164,81.84,83,100,8.93,VU,2022-01-31 06:51:34,overcast clouds
630,Scottsbluff,41.8666,-103.6672,29.52,79,0,3.44,US,2022-01-31 06:51:34,clear sky
631,Sokoni,-6.4333,39.55,82.69,75,100,10.31,TZ,2022-01-31 06:51:34,overcast clouds
632,Jijiga,9.35,42.8,69.84,6,92,6.2,ET,2022-01-31 06:51:35,overcast clouds
633,Champua,22.0833,85.6667,76.21,22,4,4.18,IN,2022-01-31 06:51:35,clear sky
634,Rexburg,43.826,-111.7897,5.43,70,0,3.44,US,2022-01-31 06:51:35,clear sky
635,Sanger,36.708,-119.556,52.0,81,0,0.0,US,2022-01-31 06:50:21,haze
636,Qatana,33.4354,36.0815,44.22,67,100,3.56,SY,2022-01-31 06:47:09,overcast clouds
637,Vzmorye,54.6961,20.2361,35.69,68,100,14.76,RU,2022-01-31 06:51:36,overcast clouds
638,Payakumbuh,-0.2202,100.6308,81.21,69,100,3.33,ID,2022-01-31 06:51:36,light rain
639,Gurjaani,41.7429,45.8011,43.27,36,6,3.36,GE,2022-01-31 06:51:37,clear sky
640,Ostrovnoy,68.0531,39.5131,6.46,96,80,8.88,RU,2022-01-31 06:51:37,broken clouds
641,Belaya Gora,68.5333,146.4167,-27.85,100,39,0.81,RU,2022-01-31 06:51:37,scattered clouds
642,Carmen,18.6333,-91.8333,69.19,74,0,11.81,MX,2022-01-31 06:52:38,clear sky
643,Aksha,50.2814,113.2867,9.3,67,81,9.51,RU,2022-01-31 06:52:38,broken clouds
644,Khandyga,62.6667,135.6,-26.34,99,100,1.36,RU,2022-01-31 06:52:38,overcast clouds
645,Hualmay,-11.0964,-77.6139,69.48,87,100,5.35,PE,2022-01-31 06:52:39,overcast clouds
646,Nordby,55.446,8.3979,37.4,92,75,1.99,DK,2022-01-31 06:52:39,broken clouds
647,Camopi,3.1655,-52.3158,69.48,100,73,0.65,GF,2022-01-31 06:52:39,broken clouds
648,Kavaratti,10.5669,72.642,81.45,73,0,8.63,IN,2022-01-31 06:52:40,clear sky
649,Hay River,60.8156,-115.7999,-11.22,77,75,12.66,CA,2022-01-31 06:52:40,light snow
650,Port Keats,-14.25,129.55,83.12,78,38,25.05,AU,2022-01-31 06:52:40,scattered clouds
651,Bay Roberts,47.5999,-53.2648,36.34,82,29,3.0,CA,2022-01-31 06:52:41,scattered clouds
652,Lashio,22.9333,97.75,72.03,29,0,5.44,MM,2022-01-31 06:52:41,clear sky
653,Kadom,54.5592,42.4675,27.25,96,100,11.79,RU,2022-01-31 06:52:42,light snow
654,Mitsamiouli,-11.3847,43.2844,86.29,62,20,4.61,KM,2022-01-31 06:52:42,few clouds
655,Saint-Pierre,-21.3393,55.4781,85.64,78,100,21.85,RE,2022-01-31 06:52:42,overcast clouds
656,Lithakia,37.7167,20.8333,43.59,67,2,6.31,GR,2022-01-31 06:52:43,clear sky
657,Araouane,18.9048,-3.5265,65.1,19,44,10.96,ML,2022-01-31 06:52:43,scattered clouds
658,Huarmey,-10.0681,-78.1522,69.53,90,100,6.38,PE,2022-01-31 06:52:43,overcast clouds
659,Kurumkan,54.3,110.3,-5.3,94,99,1.14,RU,2022-01-31 06:52:44,overcast clouds
660,Merauke,-8.4667,140.3333,84.13,70,100,7.7,ID,2022-01-31 06:52:44,heavy intensity rain
661,Moose Factory,51.2585,-80.6094,-20.22,76,0,2.3,CA,2022-01-31 06:52:45,clear sky
662,Wajir,1.7471,40.0573,80.56,61,75,11.5,KE,2022-01-31 06:48:02,broken clouds
663,Frontera,26.9333,-101.45,55.33,64,27,1.99,MX,2022-01-31 06:52:45,scattered clouds
664,Akyab,20.15,92.9,74.84,38,5,10.04,MM,2022-01-31 06:52:45,clear sky
665,Wahpeton,46.2652,-96.6059,12.92,85,0,10.36,US,2022-01-31 06:52:46,clear sky
666,Benton Harbor,42.1167,-86.4542,28.63,72,100,0.0,US,2022-01-31 06:52:46,overcast clouds
667,Pasni,25.2631,63.471,74.1,58,0,9.15,PK,2022-01-31 06:52:46,clear sky
668,Pangody,65.85,74.4859,-2.58,96,82,8.32,RU,2022-01-31 06:52:47,broken clouds
669,Bambous Virieux,-20.3428,57.7575,84.45,74,75,14.97,MU,2022-01-31 06:52:47,broken clouds
670,Buraydah,26.326,43.975,61.25,36,82,17.96,SA,2022-01-31 06:52:47,broken clouds
671,Ryotsu,38.0833,138.4333,37.36,58,100,22.82,JP,2022-01-31 06:52:48,overcast clouds
672,Khorixas,-20.3667,14.9667,65.93,58,99,2.17,NA,2022-01-31 06:52:48,overcast clouds
673,Nerchinskiy Zavod,51.3088,119.61,1.74,85,84,1.68,RU,2022-01-31 06:52:48,broken clouds
674,Cowansville,45.2001,-72.7491,11.16,82,97,2.3,CA,2022-01-31 06:52:49,overcast clouds
675,Charlottesville,38.0293,-78.4767,23.41,79,49,3.0,US,2022-01-31 06:52:49,scattered clouds
676,Masyaf,35.0653,36.3406,41.05,85,100,4.52,SY,2022-01-31 06:52:50,overcast clouds
677,Alwar Tirunagari,8.6,77.95,88.02,62,40,9.22,IN,2022-01-31 06:52:50,haze
678,Soma,39.1855,27.6094,38.98,75,10,3.44,TR,2022-01-31 06:52:50,clear sky
679,Pangai,-19.8,-174.35,81.75,69,100,11.5,TO,2022-01-31 06:52:51,overcast clouds
680,Xunchang,28.4543,104.715,51.17,53,89,3.2,CN,2022-01-31 06:52:51,overcast clouds
681,Simao,22.7886,100.9748,68.9,28,4,7.07,CN,2022-01-31 06:52:52,clear sky
682,Pucallpa,-8.3791,-74.5539,68.9,97,87,1.03,PE,2022-01-31 06:52:52,overcast clouds
683,Polyarnyy,69.1989,33.4478,9.07,100,87,8.1,RU,2022-01-31 06:52:52,overcast clouds
684,Axim,4.8699,-2.2405,75.85,85,100,2.8,GH,2022-01-31 06:52:53,overcast clouds
685,Gold Coast,-28.0,153.4333,87.46,80,40,5.99,AU,2022-01-31 06:49:54,scattered clouds
686,Shelburne,44.0787,-80.2041,17.6,89,62,8.77,CA,2022-01-31 06:52:53,broken clouds
687,Warrington,53.3925,-2.5802,43.99,73,84,5.99,GB,2022-01-31 06:52:54,broken clouds
688,Brigantine,39.4101,-74.3646,25.02,74,100,0.0,US,2022-01-31 06:52:54,overcast clouds
689,Ust-Tsilma,65.441,52.1498,8.55,94,100,5.28,RU,2022-01-31 06:52:54,overcast clouds
690,Mali,12.079,-12.2982,58.32,20,6,2.33,GN,2022-01-31 06:53:55,clear sky
691,Quatre Cocos,-20.2078,57.7625,84.31,73,42,20.47,MU,2022-01-31 06:53:55,scattered clouds
692,Luziania,-16.2525,-47.9503,69.49,94,96,4.79,BR,2022-01-31 06:53:55,overcast clouds
693,Abadiania,-16.2042,-48.7069,67.12,97,100,4.29,BR,2022-01-31 06:53:56,overcast clouds
694,Daryapur,20.9333,77.3333,82.44,15,0,5.23,IN,2022-01-31 06:53:56,clear sky
695,Batticaloa,7.7102,81.6924,81.95,70,52,14.56,LK,2022-01-31 06:53:56,broken clouds
696,Ilhabela,-23.7781,-45.3581,73.24,87,96,4.09,BR,2022-01-31 06:53:57,overcast clouds
697,Pangoa,-12.1167,-73.0,64.58,99,100,2.01,PE,2022-01-31 06:53:57,light rain
698,Asino,56.9979,86.1452,17.87,86,23,5.88,RU,2022-01-31 06:53:58,few clouds
699,Semirom,31.4167,51.5667,31.69,51,42,4.99,IR,2022-01-31 06:53:58,scattered clouds
700,Grand Gaube,-20.0064,57.6608,84.6,75,99,22.68,MU,2022-01-31 06:53:58,overcast clouds
701,Emba,48.8264,58.1442,29.07,89,100,16.82,KZ,2022-01-31 06:53:59,overcast clouds
702,Ngunguru,-35.6167,174.5,70.16,81,100,16.82,NZ,2022-01-31 06:53:59,overcast clouds
703,Swan Hill,-35.3378,143.5544,96.31,17,0,8.28,AU,2022-01-31 06:53:59,clear sky
704,San Carlos De Bariloche,-41.1456,-71.3082,47.95,53,0,13.8,AR,2022-01-31 06:54:00,clear sky
705,Loandjili,-4.7561,11.8578,77.11,94,40,4.61,CG,2022-01-31 06:54:00,scattered clouds
706,Kusu,33.2831,131.1514,47.46,44,5,6.91,JP,2022-01-31 06:54:00,clear sky
707,Drumheller,51.4617,-112.7101,40.28,80,100,5.75,CA,2022-01-31 06:51:00,overcast clouds
708,Snyder,32.7179,-100.9176,53.53,40,40,6.91,US,2022-01-31 06:54:01,scattered clouds
709,Teya,60.3778,92.6267,12.09,90,100,3.04,RU,2022-01-31 06:54:01,overcast clouds
710,Kaeo,-35.1,173.7833,70.32,88,100,13.78,NZ,2022-01-31 06:54:02,moderate rain
711,Ipixuna,-1.7625,-48.8043,73.35,98,100,2.77,BR,2022-01-31 06:54:02,moderate rain
712,Paamiut,61.994,-49.6678,29.82,73,100,46.04,GL,2022-01-31 06:54:02,overcast clouds
713,Ketchikan,55.3422,-131.6461,35.58,96,84,3.2,US,2022-01-31 06:54:03,light rain
714,Kalaleh,37.3807,55.4916,46.0,66,0,4.61,IR,2022-01-31 06:54:03,clear sky
715,Jumla,29.2747,82.1838,52.61,23,0,7.52,NP,2022-01-31 06:54:04,clear sky
716,Salinas,36.6777,-121.6555,51.69,88,0,5.75,US,2022-01-31 06:52:28,clear sky
717,Havoysund,70.9963,24.6622,27.48,88,100,14.45,NO,2022-01-31 06:54:04,light snow
718,Athens,37.9795,23.7162,49.6,63,20,1.01,GR,2022-01-31 06:49:34,few clouds
719,Aktau,43.65,51.2,41.58,70,4,14.29,KZ,2022-01-31 06:54:04,clear sky
720,Champerico,14.3,-91.9167,77.04,72,1,4.25,GT,2022-01-31 06:54:05,clear sky
721,Bhag,29.0415,67.8239,73.72,17,3,2.53,PK,2022-01-31 06:54:05,clear sky
722,Ust-Nera,64.5667,143.2,-10.86,100,95,2.84,RU,2022-01-31 06:54:05,overcast clouds
723,Constitucion,-35.3333,-72.4167,58.19,65,0,7.47,CL,2022-01-31 06:50:56,clear sky
724,Moron,-34.6534,-58.6198,71.96,86,3,5.99,AR,2022-01-31 06:54:06,clear sky
725,Banfora,10.6333,-4.7667,69.26,13,25,6.33,BF,2022-01-31 06:54:06,scattered clouds
726,Morgan City,29.6994,-91.2068,45.03,100,0,0.0,US,2022-01-31 06:54:07,mist
727,Robertsport,6.7533,-11.3686,76.05,93,11,6.2,LR,2022-01-31 06:54:07,few clouds
728,Estevan,49.1334,-102.9842,25.14,93,75,6.55,CA,2022-01-31 06:54:08,broken clouds
729,Bonavista,48.6499,-53.1147,36.12,76,14,22.48,CA,2022-01-31 06:54:08,few clouds
